編號,英文,中文
1,abnormal,(adj.8)不正常的
2,aboriginal,(adj.10)土著的;土著居民的
3,absentminded,(adj.12)心不在焉的;健忘的
4,accessible,(adj.10)可(或易)接近的;可(或易)得到的
5,accessory,(adj.9)附加的;附屬的
6,accountable,(adj.11)應負責任的;可說明的
7,acute,(adj.5)尖銳的;敏銳的;劇烈的
8,administrative,(adj.14)管理的;行政的
9,affectionate,(adj.12)充滿深情的;溫柔親切的
10,alcoholic,(adj.9)含酒精的;酗酒的
11,alternative,(adj.11)兩者(或若干)中擇一的
12,ambiguous,(adj.9)含糊不清的
13,amiable,(adj.7)和藹可親的
14,analytical,(adj.10)分析的
15,animate,(adj.7)有生命的;活潑的;有活力的
16,anonymous,(adj.9)匿名的
17,antarctic,(adj.9)南極的;南極區的
18,antibiotic,(adj.10)抗生的;抗菌的
19,applicable,(adj.10)合用的;可實施的
20,approximate,(adj.11)近似的;大概的
21,arctic,(adj.6)北極的;北極區的
22,arrogant,(adj.8)傲慢的;自大的
23,articulate,(adj.10)發音清晰的;口才好的
24,attendant,(adj.9)出席的;伴隨的;侍候的
25,authentic,(adj.9)可信的;真實的
26,awesome,(adj.7)令人敬畏的;非凡的
27,biological,(adj.10)生物的;生物學的
28,bizarre,(adj.7)奇異的;異乎尋常的
29,bleak,(adj.5)荒涼的;陰冷的;無希望的
30,blunt,(adj.5)鈍的;遲鈍的;直率的
31,brisk,(adj.5)輕快的;興旺的;寒冷而清新的
32,brute,(adj.5)畜生的;畜生般的;殘忍的
33,bulky,(adj.5)體積大的;笨重的
34,captive,(adj.7)被俘的;被迷住的
35,charitable,(adj.10)慈善的;寬容的
36,chronic,(adj.7)(病)慢性的;(人)久病的;長期的
37,clinical,(adj.8)臨床的;診所的
38,coherent,(adj.8)一致的;條理清楚的;連貫的
39,collective,(adj.10)集體的;共同的
40,colloquial,(adj.10)口語的;會話的
41,communicative,(adj.13)愛說話的;交際的
42,comparable,(adj.10)可比較的;比得上的
43,comparative,(adj.11)比較的;相對的
44,compatible,(adj.10)能共處的;可並立的;相容的
45,competent,(adj.9)有能力的;能幹的;能勝任的
46,component,(adj.9)組成的;構成的
47,comprehensive,(adj.13)廣泛的;綜合的
48,concise,(adj.7)簡明的
49,confidential,(adj.12)祕密的;機密的
50,conscientious,(adj.13)憑良心的;誠實的;認真的
51,constituent,(adj.11)構成(全體)的;組成的;選舉的
52,controversial,(adj.13)有爭議的;好議論的
53,coordinate,(adj.10)同等重要的;座標的;對等的
54,cordial,(adj.7)熱忱的;衷心的
55,corporate,(adj.9)法人(組織)的;團體的;共同的
56,cosmetic,(adj.8)化妝用的;裝飾性的;表面的
57,cosmopolitan,(adj.12)世界性的;國際性的
58,credible,(adj.8)可信的;可靠的
59,crooked,(adj.7)彎曲的;欺詐的;不正派的
60,crucial,(adj.7)決定性的;重要的
61,crude,(adj.5)未經加工的;粗野的;粗糙的
62,cumulative,(adj.10)漸增的;蓄積的;累計的
63,customary,(adj.9)習慣上的;按慣例的
64,deadly,"(adj.6)致命的,致死的;非常的,極度的"
65,decent,(adj.6)正派的;體面的
66,decisive,(adj.8)決定性的;確定的;果斷的
67,deliberate,(adj.10)深思熟慮的;蓄意的
68,delinquent,(adj.10)怠忽職守的;拖欠的;犯法的
69,dental,(adj.6)牙齒的;牙科的
70,designate,(adj.9)指定的
71,destined,(adj.8)命中注定的;(場所)預定的
72,diplomatic,(adj.10)外交的;有外交手腕的
73,disastrous,(adj.10)災害的;悲慘的
74,disciplinary,(adj.12)訓練的;紀律的;懲戒的
75,discreet,(adj.8)謹慎的;謙虛的;不引人注意的
76,disgraceful,(adj.11)不名譽的;可恥的
77,dispensable,(adj.11)非必要的;可分配的
78,disposable,(adj.10)可任意處理的;用完即丟棄的
79,dissident,(adj.9)意見不同的
80,diverse,(adj.7)互異的;多變化的
81,documentary,(adj.11)文件的;(電影、電視等)記錄的
82,drastic,(adj.7)激烈的;極端的
83,dreary,(adj.6)慘淡的;沈悶的
84,dual,(adj.4)雙的;雙倍的;雙重的
85,dubious,(adj.7)半信半疑的;含糊的
86,eccentric,(adj.9)(人、行為等)古怪的
87,edible,"(adj.6)可食的,食用的"
88,editorial,(adj.9)社論的
89,eligible,(adj.8)有資格當選的;合格的
90,elite,(adj.5)精英的
91,eloquent,(adj.8)雄辯的;口才流利的
92,emphatic,(adj.8)強調的;著重的
93,epidemic,(adj.8)流行性的;傳染的;極為流行的
94,equivalent,"(adj.10)相等的,相同的"
95,ethical,(adj.7)倫理的;道德的
96,ethnic,(adj.6)種族的;人種學的
97,excessive,(adj.9)過度的;極度的
98,exclusive,(adj.9)排外的;唯一的;獨家的
99,exotic,(adj.6)異國情調的;外來的
100,explicit,(adj.8)詳盡的;清楚的
101,exquisite,(adj.9)精緻的;精良的;精選的
102,extracurricular,(adj.15)課外的
103,fabulous,(adj.8)極好的;驚人的
104,feasible,(adj.8)可行的;可能的
105,finite,(adj.6)有限的
106,fireproof,(adj.9)防火的;耐火的
107,fluid,(adj.5)流動的;液體的;流暢的
108,formidable,(adj.10)令人畏懼的;難對付的
109,forthcoming,(adj.11)即將到來的
110,foster,(adj.6)收養的
111,fragile,(adj.7)易碎的;虛弱的
112,frail,(adj.5)身體虛弱的;易損壞的
113,genetic,(adj.7)基因的;遺傳(學)的
114,gloomy,(adj.6)陰暗的;憂鬱的
115,graphic,(adj.7)生動的;寫實的;圖解的
116,honorary,(adj.8)(學位等)名譽上的;名譽職位的
117,hospitable,(adj.10)好客的;(氣候等)宜人的
118,humanitarian,(adj.12)人道主義的;博愛的
119,hysterical,(adj.10)歇斯底里的;極可笑的
120,immune,(adj.6)免疫的;免於...的
121,imperative,(adj.10)必要的;命令式的;祈使法的
122,implicit,(adj.8)不言明的;含蓄的
123,imposing,(adj.8)壯觀的;氣勢宏偉的;莊嚴的
124,incentive,"(adj.9)刺激的;鼓勵的,獎勵的"
125,incidental,(adj.10)易發生的;附帶的
126,inclusive,(adj.9)包含的;包括在內的
127,inevitable,(adj.10)不可避免的
128,infectious,(adj.10)傳染的;有感染力的
129,ingenious,(adj.9)心靈手巧的;足智多謀的
130,inherent,(adj.8)固有的;與生俱來的
131,initiative,(adj.10)開始的;初步的;創始的
132,innovative,(adj.10)創新的
133,intact,(adj.6)完整無缺的;原封不動的
134,invaluable,(adj.10)非常貴重的;無價的
135,ironic,(adj.6)具有諷刺意味的;挖苦的
136,irritable,(adj.9)易怒的;急躁的
137,joyous,(adj.6)快樂的;高興的
138,legendary,(adj.9)傳說的;傳奇的
139,legislative,(adj.11)立法的;有立法權的
140,legitimate,(adj.10)合法的;合法婚姻所生的;合理的
141,lengthy,(adj.7)長的;冗長的;囉唆的
142,liable,(adj.6)易...的;可能的;負有法律責任的
143,literal,(adj.7)照字面的;原義的;如實的
144,literate,(adj.8)能讀寫的;有文化修養的
145,lunatic,(adj.7)瘋的;瘋狂的
146,lush,(adj.4)蒼翠繁茂的;豐富的
147,lyric,(adj.5)抒情的;適於歌唱的
148,medieval,(adj.8)中世紀的;中古風的;守舊的
149,melancholy,(adj.10)憂鬱的;令人沮喪的
150,mellow,(adj.6)(水果)成熟的;(人)圓熟的
151,metropolitan,(adj.12)大都市的
152,militant,(adj.8)好戰的;激進的
153,miniature,(adj.9)小型的;小規模的
154,miraculous,(adj.10)神奇的;奇蹟般的
155,mischievous,(adj.11)惡作劇的;淘氣的
156,missionary,(adj.10)傳教的;教會的;傳教士的
157,monotonous,(adj.10)單調的;無變化的
158,mournful,(adj.8)憂傷的;悲切的
159,municipal,(adj.9)市的;市政的
160,mute,(adj.4)沈默的;啞的
161,narrative,(adj.9)敘事的;故事形式的
162,naval,(adj.5)海軍的
163,neutral,(adj.7)中立的;中立國的;空檔的
164,notorious,(adj.9)惡名昭彰的
165,nutrient,"(adj.8)營養的,滋養的"
166,nutritious,(adj.10)有營養的
167,obscure,(adj.7)暗的;模糊的;偏僻的;微賤的
168,operational,(adj.11)操作上的;經營上的
169,optional,(adj.8)隨意的;非必須的
170,orderly,(adj.7)整齊的;有條理的
171,outrageous,(adj.10)可恥的;無法無天的;令人吃驚的
172,outright,(adj.8)全部的;直率的;公開的
173,overhead,(adj.8)在上頭的;高架的
174,pathetic,(adj.8)可憐的;可悲的
175,patriotic,(adj.9)愛國的
176,pedestrian,(adj.10)徒步的;行人的
177,persistent,(adj.10)堅持不懈的;固執的;持續的
178,perspective,"(adj.11)透視的,透視畫的"
179,petty,(adj.5)小的;瑣碎的;氣量小的
180,photographic,(adj.12)攝影(術)的;攝影用的
181,picturesque,(adj.11)圖畫般的;美麗的
182,pious,(adj.5)虔誠的;篤信的
183,pollutant,(adj.9)受污染的;造成污染的
184,preliminary,(adj.11)預備的;初步的
185,premature,(adj.9)過早的;草率的;早產的
186,premier,(adj.7)首位的;最早的
187,presidential,(adj.12)總統的;總統選舉的
188,preventive,(adj.10)預防的;防病的
189,profound,(adj.8)深刻的;深度的
190,progressive,(adj.11)逐漸的
191,prone,(adj.5)有...傾向的;俯伏的
192,prospective,(adj.11)預期的;盼望中的;未來的
193,provincial,(adj.10)省的;鄉氣的
194,punctual,(adj.8)準時的
195,quarrelsome,(adj.11)喜歡爭吵的
196,radiant,(adj.7)光芒四射的;容光煥發的;發熱的
197,radiate,(adj.7)具輻射部的;輻射狀的
198,radical,(adj.7)基本的;徹底的
199,random,(adj.6)胡亂的;隨機的
200,rash,(adj.4)輕率的;急躁的
201,rational,(adj.8)理性的;明事理的;合理的
202,recipient,(adj.9)接受的;受領的
203,recreational,(adj.12)消遣的;娛樂的;休養的
204,redundant,(adj.9)多餘的;過剩的
205,reflective,(adj.10)反射的;沈思的;反映的
206,regardless,"(adj.10)不注意的,不留心的;不關心的"
207,relevant,(adj.8)有關的;切題的
208,renowned,(adj.8)有名的;有聲譽的
209,residential,(adj.11)居住的;住宅的
210,resistant,(adj.9)抵抗的
211,resolute,(adj.8)堅決的;不屈不撓的
212,respective,(adj.10)分別的;各自的
213,retail,(adj.6)零售的
214,rhythmic,(adj.8)有節奏的;有韻律的
215,rigorous,(adj.8)嚴格的;嚴厲的;嚴密的
216,ritual,(adj.6)(宗教)儀式的;典禮的
217,ruby,(adj.4)紅寶石色的
218,sane,(adj.4)神志正常的;頭腦清楚的
219,scenic,(adj.6)風景的;景色秀麗的
220,selective,(adj.9)有選擇性的
221,sentimental,(adj.11)情深的;情感;多愁善感的
222,serene,(adj.6)安詳的;寧靜的
223,sheer,(adj.5)全然的;(紡織物)極薄的;陡峭的
224,shrewd,(adj.6)精明的;狡猾的;機靈的
225,simultaneous,(adj.12)同時發生的;同步的
226,skeptical,(adj.9)懷疑的;多疑的
227,sneaky,(adj.6)鬼鬼祟祟的
228,sociable,(adj.8)好交際的;善交際的
229,sophisticated,(adj.13)老於世故的;精通的;精密的
230,spacious,(adj.8)寬敞的;廣闊的
231,spectacular,(adj.11)壯觀的;壯麗的
232,spiral,(adj.6)螺旋(形)的;盤旋的
233,spontaneous,(adj.11)自發的;自然的
234,stationary,(adj.10)不動的;定居的
235,strategic,(adj.9)戰略的
236,subjective,(adj.10)主觀的;個人的;主詞的
237,subordinate,(adj.11)下級的;次要的;從屬的
238,subsequent,(adj.10)隨後的;接著發生的
239,subtle,(adj.6)微妙的;難捉摸的
240,suburban,(adj.8)郊區的;近郊的
241,successive,(adj.10)連續的;後繼的;繼承的
242,superb,"(adj.6)宏偉的;華麗的; 上乘的,一流的"
243,supersonic,(adj.10)超音波的;超音速的
244,superstitious,(adj.13)迷信的
245,surplus,(adj.7)過剩的;剩餘的
246,symbolic,(adj.8)象徵的;符號的
247,synthetic,(adj.9)綜合(性)的;合成的;人造的
248,tedious,(adj.7)冗長乏味的;使人厭煩的
249,textile,(adj.7)紡織的
250,theatrical,(adj.10)劇場的;戲劇的;戲劇性的
251,theoretical,(adj.11)理論的;非應用的;假設的
252,thrifty,(adj.7)節儉的;茂盛的
253,tranquil,(adj.8)平靜的;安靜的;安寧的
254,triumphant,(adj.10)勝利的;得意洋洋的
255,trivial,(adj.7)瑣細的;平凡的
256,tropic,(adj.6)熱帶的
257,truant,(adj.6)逃學的;玩忽職守的
258,ultimate,(adj.8)最後的;最終的
259,unanimous,(adj.9)全體一致的
260,utmost,(adj.6)最大的;最遠的;極度的
261,valiant,(adj.7)勇敢的;英勇的
262,valid,(adj.5)有根據的;有效的
263,variable,(adj.8)易變的;變異的
264,versatile,(adj.9)多才多藝的;多功能的
265,vicious,(adj.7)惡意的;惡毒的
266,victorious,(adj.10)勝利的
267,virtual,(adj.7)實質上的;虛擬的
268,vocal,(adj.5)聲音的;用言語表達的
269,vocational,(adj.10)職業的
270,vulgar,(adj.6)粗俗的;下流的
271,vulnerable,(adj.10)易受傷的;有弱點的
272,waterproof,(adj.10)防水的
273,watertight,(adj.10)不透水的;無懈可擊的
274,whatsoever,(adj.10)不管什麼樣的;無論怎麼的
275,witty,(adj.5)機智的;說話風趣的
276,abbreviate,(v.10)縮寫
277,abound,(v.6)大量存在;富足;充滿
278,abuse,(v.5)濫用;虐待
279,accelerate,(v.10)加快;增長
280,accommodate,(v.11)能容納;能提供...膳宿;給...方便
281,accord,(v.6)(與...)一致;調解
282,accumulate,(v.10)累積;積聚
283,addict,(v.6)使沈溺;使成癮
284,administer,(v.10)管理;給予;執行
285,administrate,(v.12)管理;支配
286,advocate,(v.8)擁護;提倡
287,affirm,(v.6)斷言;申明;堅稱
288,alienate,(v.8)使疏遠;離間
289,allocate,(v.8)分派;分配
290,ambush,(v.6)埋伏下;伏擊
291,amplify,(v.7)放大(聲音等);擴大
292,animate,(v.7)賦予生命;繪製(卡通影片)
293,anticipate,(v.10)預期;預先考慮到
294,apprentice,(v.10)當學徒
295,approximate,(v.11)接近;近似;大致估計
296,articulate,(v.10)清晰地講話;相互連貫
297,assassinate,"(v.11)暗殺,詆毀"
298,assert,(v.6)斷言;堅持
299,assess,(v.6)估價;評價
300,attain,(v.6)達到;獲得
301,auction,(v.7)拍賣
302,authorize,(v.9)授權給;批准
303,autograph,(v.9)親筆簽名於
304,beckon,(v.6)(招手或點頭)示意;召喚
305,besiege,(v.7)圍攻;圍困;煩擾
306,betray,(v.6)背叛;出賣
307,bias,(v.4)使存偏見
308,blunder,(v.7)犯大錯;出漏子
309,blunt,(v.5)使鈍;使遲鈍;減弱
310,bombard,(v.7)砲擊;不斷攻擊;連續提出問題
311,boost,(v.5)舉;抬;推動;促進
312,boycott,(v.7)聯合抵制
313,brew,(v.4)釀造;醞釀著
314,buckle,(v.6)扣住;垮掉;讓步
315,canvas,(v.6)用帆布覆蓋;用帆布裝備
316,caption,(v.7)加標題於
317,caress,(v.6)愛撫;撫摸;寵愛
318,cater,(v.5)承辦宴席;迎合
319,certify,(v.7)證明;保證;發證書(或執照等)
320,characterize,(v.12)描繪...的特性;具有...的特徵
321,chariot,(v.7)駕馭(戰車或馬車)
322,chuckle,(v.7)咯咯地笑;暗自發笑
323,civilize,"(v.8)使文明,使開化"
324,clamp,(v.5)鉗緊;夾住;強行實施;取締
325,cleanse,(v.7)清洗;淨化
326,clench,(v.6)緊握;緊咬
327,clone,(v.5)複製
328,coincide,(v.8)同時發生;巧合;一致
329,collide,(v.7)相撞;衝突;抵觸
330,commemorate,(v.11)慶祝;紀念
331,commence,(v.8)開始;著手;得學位
332,compensate,(v.10)補償;賠償;酬報
333,compile,(v.7)匯編;收集(資料等);編譯(程式)
334,complement,(v.10)補充;補足;與...相配
335,comprise,(v.8)包括;由...組成
336,concede,(v.7)(勉強)承認;讓步;承認失敗
337,condense,(v.8)濃縮;縮短;凝結
338,confer,(v.6)授予(學位等);給予;協商
339,conform,(v.7)遵照;符合;使一致
340,contradict,(v.10)否定(陳述等);反駁;與...矛盾
341,coordinate,"(v.10)協調,調節; 協調一致"
342,core,(v.4)挖去...的果核
343,covet,(v.5)垂涎;貪圖
344,cramp,(v.5)用夾鉗夾緊;限制;約束
345,crook,(v.5)使彎曲;成鉤形
346,cruise,(v.6)巡航;航遊;緩慢巡行
347,crumble,(v.7)粉碎;崩潰;(希望等)破滅
348,crust,(v.5)結成外殼;覆有硬皮
349,cultivate,(v.9)栽培(作物等);養殖(魚等);培育
350,decline,"(v.7)下降,下跌,衰退,婉拒,謝絕"
351,dedicate,(v.8)奉獻;獻身於;舉行落成典禮
352,deem,(v.4)認為;視作
353,defect,(v.6)逃跑;脫離;背叛
354,degrade,(v.7)貶低;降級;降低
355,deliberate,(v.10)仔細考慮;商議
356,denounce,(v.8)譴責;告發
357,depict,(v.6)描畫;雕出;描述
358,deprive,(v.7)剝奪
359,derive,(v.6)取得;衍生出
360,descend,(v.7)(走)下來;下降;來自於
361,designate,(v.9)標出;指定;定名為;委任
362,detach,(v.6)分開;拆卸;派遣
363,detain,(v.6)留住;扣留
364,deter,(v.5)嚇住;使斷念
365,deteriorate,(v.11)惡化;(價值)下降;退化;墮落
366,devalue,(v.7)降低價值;(貨幣)貶值
367,diagnose,(v.8)診斷
368,diagram,"(v.7)用圖解法表示,圖示"
369,dictate,"(v.7)口授,口述,"
370,differentiate,(v.13)構成差別;區分
371,diminish,(v.8)減少;減小;縮減
372,disable,(v.7)使失去能力;使傷殘
373,disapprove,(v.10)不贊成;不同意
374,discharge,(v.9)卸貨;發射;排出;釋放;解雇
375,disclose,(v.8)使露出;揭發;透露
376,discomfort,(v.10)使不舒服;使不安
377,disgrace,(v.8)使丟臉
378,dismantle,(v.9)去掉覆蓋物;拆除
379,dismay,(v.6)使驚慌;使沮喪
380,dispatch,(v.8)派遣;發送
381,disperse,(v.8)驅散;解散;散佈
382,displace,(v.8)迫使離開;取代;免職
383,displease,(v.9)使不高興;得罪
384,disregard,(v.9)漠視
385,dissolve,(v.8)分解;使融化
386,dissuade,(v.8)勸阻
387,distort,(v.7)扭曲;曲解;變形
388,distract,(v.8)轉移(目標);使分心
389,distrust,(v.8)不信任;懷疑
390,diversify,(v.9)使多樣化
391,divert,(v.6)轉向;改道;使分心
392,dome,(v.4)成圓頂狀
393,donate,"(v.6)捐獻,捐贈"
394,doom,(v.4)注定;使失敗;毀滅
395,drizzle,(v.7)下毛毛雨
396,dynamite,(v.8)用炸藥爆破;炸毀
397,ebb,(v.3)退潮;衰退
398,embark,(v.6)上船(或飛機等);從事
399,emigrate,(v.8)移居外國(或外地)
400,enact,(v.5)制定(法律);扮演(角色)
401,enhance,"(v.7)提高,增加"
402,enlighten,(v.9)啟發;啟迪
403,enrich,(v.6)使富裕;使豐富;使肥沃
404,erode,(v.5)腐蝕;侵蝕;磨損
405,escalate,(v.8)使逐步上升(增強或擴大)
406,evacuate,(v.8)撤離;避難;疏散
407,evolve,(v.6)使逐步形成;發展
408,excerpt,(v.7)摘錄;引用
409,exert,(v.5)用(力);施加
410,expel,(v.5)驅逐;排出;開除
411,expire,(v.6)失效;滿期;吐氣
412,exploit,"(v.7)開發,開採,開拓"
413,extract,(v.7)取出;抽出;提煉;摘錄
414,facilitate,(v.10)使容易;促進;幫助
415,flare,(v.5)閃耀;(搖曳不定地)燃燒;閃亮
416,flicker,(v.7)閃爍;搖曳;忽隱忽現
417,fling,(v.5)(用力地)扔;擲
418,flutter,(v.7)振翼;飄動;(心臟等)不規則跳動
419,foresee,(v.7)預見;預知
420,formulate,(v.9)使公式化;規劃;配製
421,forsake,(v.7)拋棄;革除
422,fortify,(v.7)築防禦工事於;增強
423,foster,(v.6)養育;培養;促進
424,fracture,(v.8)使斷裂;使折斷;使骨折
425,fragment,(v.8)使成碎片
426,freak,(v.5)使瘋狂;使反常
427,fret,(v.4)使苦惱;使煩躁
428,generalize,(v.10)泛論;概括
429,generate,(v.8)產生;發生(熱;電;光等)
430,glisten,(v.7)閃耀;閃亮
431,graph,(v.5)用圖表表示
432,grill,(v.5)(用烤架)烤(魚、肉等);拷問
433,grope,(v.5)觸摸;暗中摸;探索
434,hack,(v.4)劈;砍
435,hail,(v.4)向...歡呼;招呼;下冰雹
436,harass,(v.6)騷擾;使煩惱
437,hazard,(v.6)冒險作出
438,highlight,(v.9)用強光照射;使顯著;使突出
439,hospitalize,(v.11)住院治療
440,humiliate,(v.9)羞辱;使丟臉
441,hunch,(v.5)隆起;彎成弓狀
442,hurdle,(v.6)跨(欄);克服(困難)
443,illuminate,(v.10)照亮;用燈裝飾;啟發
444,implement,(v.9)履行;實施;執行
445,imprison,(v.8)監禁;束縛
446,incline,(v.7)傾斜;屈身;有意
447,infer,"(v.5)推斷,推論"
448,inhabit,(v.7)居住於;棲息於
449,inject,(v.6)注射(藥液等)
450,integrate,(v.9)使結合;求積分
451,intervene,(v.9)介入;干預;調停
452,intimidate,(v.10)威嚇;脅迫
453,intrude,(v.7)侵入;闖入
454,inventory,(v.9)把...登入目錄;盤存
455,irritate,(v.8)使惱怒;使煩躁
456,kidnap,(v.6)綁架;劫持
457,lament,(v.6)哀悼;悲痛;痛哭
458,legitimate,(v.10)使合法
459,liberate,"(v.8)解放,使獲自由"
460,lounge,(v.6)(懶洋洋地)倚靠;閒蕩
461,lure,(v.4)誘惑;以誘餌吸引
462,manipulate,(v.10)操作;運用;操縱;對...做手腳
463,mar,(v.3)毀損;損傷;玷污
464,massacre,(v.8)屠殺;使慘敗
465,meditate,(v.8)沈思;深思熟慮
466,mellow,(v.6)使成熟;使圓熟
467,merchandise,(v.11)買賣;經營
468,merge,(v.5)合併;融合
469,migrate,(v.7)移居;定期移棲;回游
470,mimic,(v.5)模仿;與...極相似
471,miniature,(v.9)是...的縮影
472,minimize,(v.8)使減到最少(或最小);低估
473,mobilize,(v.8)動員;調動
474,mold,(v.4)鑄造;塑造;發霉
475,mute,(v.4)消除(聲音);減輕(聲音)
476,narrate,(v.7)講(故事);敘述;作旁白
477,nourish,(v.7)養育;滋養
478,nurture,(v.7)養育;培育
479,oblige,(v.6)使不得不;迫使;施恩於
480,obscure,(v.7)使變暗;遮掩;使難理解
481,oppress,(v.7)壓迫;壓制
482,originate,(v.9)發源;來自
483,outfit,(v.6)裝備;配備;供給
484,outlaw,(v.6)宣佈...為不合法;禁止
485,outnumber,(v.9)數量上超過
486,outrage,(v.7)激起義憤;激怒;施暴行
487,overlap,(v.7)與...部分重疊
488,overturn,(v.8)使翻轉;翻倒;推翻
489,paralyze,(v.8)使麻痺;使癱瘓
490,peddle,(v.6)挨戶兜售;沿街叫賣
491,pension,(v.7)發給...退休金(或養老金等)
492,persevere,(v.9)堅持不懈;不屈不撓
493,phase,(v.5)使定相;使同步;分階段實行
494,pierce,(v.6)刺穿;穿透
495,poach,(v.5)水煮(蛋);偷獵;侵佔
496,ponder,(v.6)仔細考慮;衡量;回想
497,populate,(v.8)居住於;移民於
498,posture,(v.7)擺出姿勢;故作姿態
499,precede,(v.7)處在...之前;(地位等)高於
500,preface,(v.7)為...加序言(或開場白)
501,prejudice,(v.9)使抱偏見;使懷成見
502,prescribe,(v.9)規定;指定;開(藥方)
503,preside,(v.7)主持;管轄
504,presume,(v.7)假定;認為;擅自(做)
505,prohibit,(v.8)禁止
506,propel,(v.6)推進;推動;驅策
507,prosecute,(v.9)對...起訴;告發
508,provoke,(v.7)對...挑釁;煽動;激怒
509,prowl,(v.5)(野獸等)四處覓食;徘徊
510,purify,(v.6)使純淨;淨化
511,quench,(v.6)壓制;抑制;解(渴);熄滅
512,query,(v.5)詢問;對...表示疑問
513,radiate,(v.7)(光、熱等)散發;輻射;煥發
514,raft,(v.4)用筏子運送;划筏
515,raid,(v.4)襲擊;劫掠
516,ransom,(v.6)贖回;向...勒索贖金
517,ravage,(v.6)蹂躪;使荒蕪
518,reconcile,(v.9)和解;使一致;使安於
519,recruit,(v.7)徵募;雇用;補充
520,recur,(v.5)再發生;再現
521,refine,(v.6)提煉;精鍊
522,refund,(v.6)退還;歸還;償還
523,rehearse,"(v.8)排練,排演"
524,rein,(v.4)(用韁繩)勒住;駕馭;控制
525,reinforce,(v.9)增援;加強;加深
526,relay,(v.5)轉達;轉播
527,relish,(v.6)喜愛;愛好;加佐料
528,render,(v.6)使得;使成為;提供
529,repress,(v.7)抑制;鎮壓
530,retail,(v.6)以零售方式;以零售價格
531,retaliate,(v.9)報復
532,retrieve,(v.8)收回;檢索;使恢復
533,ridicule,(v.8)嘲笑;戲弄
534,riot,(v.4)參加(或發動)暴亂;放縱
535,rotate,(v.6)旋轉;輪流
536,safeguard,(v.9)保護;防衛
537,sanction,(v.8)對...實施制裁
538,script,(v.6)把...改編為劇本
539,seduce,(v.6)誘惑;引誘
540,sequence,(v.8)排序
541,shed,(v.4)流出;毛髮等脫落;蛻(殼等)
542,shoplift,(v.8)冒充顧客在商店內偷竊
543,shun,(v.4)躲開;迴避
544,signify,(v.7)表示...的意思;意味著
545,simplify,"(v.8)簡化,精簡;使單純;使平易"
546,skim,"(v.4)去,去除;瀏覽,略讀"
547,slang,"(v.5)用粗話罵;欺騙,詐取"
548,slash,(v.5)(用刀;劍等)砍;大幅度削減
549,slot,(v.4)開狹長的孔;把...納入序列中
550,slum,(v.4)去貧民窟
551,smack,(v.5)略有滋味;掌摑;咂(嘴);響吻
552,smother,(v.7)使窒息;悶住(火);扼殺
553,smuggle,(v.7)走私
554,snare,(v.5)(用陷阱等)捕捉;誘...入圈套
555,sneer,(v.5)輕蔑地笑;譏諷
556,soar,(v.4)往上飛舞;翱翔;暴漲
557,socialize,(v.9)交際;社會主義化
558,soothe,(v.6)安慰;哄;減輕
559,span,(v.4)跨越;在...架橋
560,specialize,(v.10)專攻;專門從事
561,specify,(v.7)具體指定;詳細指明
562,speculate,(v.9)推測;投機;推斷
563,spike,(v.5)用大釘釘牢;用尖物刺穿
564,spiral,(v.6)盤旋;成螺旋形
565,spire,(v.5)螺旋形上升;發芽
566,sponsor,(v.7)發起;主辦;倡議;贊助
567,sprawl,(v.6)伸開四肢躺(或爬);蔓生
568,stabilize,(v.9)使穩定;使穩固
569,stalk,(v.5)偷偷靠近;追蹤
570,stammer,(v.7)口吃;結結巴巴地說話
571,staple,(v.6)用U形釘固定;用釘書針釘
572,starch,(v.6)給(衣服等)上澱粉漿
573,stimulate,(v.9)刺激;激勵;使興奮;促使
574,stock,(v.5)給(商店)辦貨;貯存
575,strangle,(v.8)勒死;扼住;悶住
576,stunt,(v.5)表演絕技;妨礙
577,subordinate,(v.11)使居次要地位;使隸屬;使服從
578,subscribe,(v.9)訂閱;認捐;簽名
579,suffocate,(v.9)使窒息;扼制
580,supplement,(v.10)增補;為...補編附錄
581,surpass,(v.7)勝過;大於;多於
582,swap,(v.4)交換;以...作交換
583,symbolize,"(v.9)象徵,標誌"
584,terminate,(v.9)使結束;使終止;解雇
585,texture,(v.7)使...行成紋理
586,thrive,(v.6)興旺;繁榮;茂盛生長
587,throb,(v.5)(心臟;脈搏等)跳動;抽動;抽痛
588,toll,(v.4)徵收捐稅(或通行費等);敲鐘
589,topple,(v.6)使倒塌;推翻
590,transit,(v.7)通過;運送過
591,transmit,(v.8)傳送;傳達;發射;播送;傳染
592,transplant,(v.10)移植;移種
593,tread,(v.5)踩;踏;步行
594,trek,(v.4)艱苦跋涉或移居
595,trespass,(v.8)擅自進入;侵入
596,trigger,(v.7)扣扳機開(槍);發射;觸發
597,truant,(v.6)逃學;逃避責任;偷懶
598,uncover,(v.7)揭開...的蓋子;揭露
599,underestimate,(v.13)低估
600,undergo,(v.7)經歷;接受(治療、檢查等)
601,undermine,(v.9)侵蝕...的基礎;暗中破壞
602,undertake,(v.9)著手做;進行
603,undo,(v.4)解開;脫去(衣服等);取消
604,unfold,(v.6)展開;呈現
605,unify,(v.5)統一;聯合;使一致
606,unlock,(v.6)開鎖;開啟
607,unpack,(v.6)打開包裹(或行李等)
608,upgrade,(v.7)上坡; 使升級
609,uphold,(v.6)舉起;支撐;維護
610,usher,(v.5)引領;迎接;當引座員
611,utilize,(v.7)利用
612,vend,(v.4)出售;販賣
613,verge,(v.5)處在邊沿;瀕臨
614,victimize,(v.9)使犧牲;使痛苦
615,visualize,(v.9)使顯現;使形象化
616,vomit,(v.5)嘔吐;使嘔吐
617,waterproof,(v.10)使不透水
618,withstand,(v.9)抵擋;反抗;禁得起
619,woo,(v.3)追求;追逐
620,wrench,(v.6)猛扭;攫取;使痛苦
621,wrestle,(v.7)與...摔角;與...搏鬥
622,xerox,(v.5)複印
623,yearn,(v.5)思念;渴望;嚮往
624,accordingly,(adv.11)照著;相應地;因此
625,alongside,(adv.9)在旁邊;沿著
626,deadly,"(adv.6)死一般地;非常,極度地"
627,hereafter,(adv.9)此後;在來世
628,likewise,(adv.8)同樣地;也;又
629,outright,(adv.8)全部地;無保留地;公然
630,overhead,(adv.8)在頭頂上;在上頭;高高地
631,regardless,(adv.10)無論如何
632,retail,(adv.6)以零售方式;以零售價格
633,sheer,(adv.5)全然;十足地;陡峭地
634,smack,(adv.5)猛然地;砰然作聲地;不偏不倚地
635,thereafter,(adv.10)之後;以後
636,thereby,(adv.7)因此;由此
637,alongside,(prep.9)在...旁邊;沿著...的邊
638,abbreviation,(n.12)縮寫;省略
639,aboriginal,(n.10)土著居民; 土生動物(或植物)
640,aborigine,(n.9)土著居民
641,abstraction,(n.11)抽象
642,abundance,(n.9)豐富;充足
643,abuse,(n.5)濫用;虐待
644,acceleration,(n.12)加速;促進
645,accessory,(n.9)附件;配件;從犯
646,accommodation,(n.13)適應;方便設施;住處
647,accord,(n.6)一致;符合
648,accordance,(n.10)一致;和諧;符合
649,accounting,(n.10)會計;會計學
650,accumulation,(n.12)累積;積聚
651,accusation,(n.10)指控;指責
652,acquisition,(n.11)收購;取得
653,activist,(n.8)激進主義份子;行動主義者
654,adaptation,(n.10)適應;改寫
655,addict,(n.6)入迷的人;有癮的人
656,addiction,(n.9)沈溺;上癮
657,administration,(n.14)管理;經營;管理部門
658,administrator,(n.13)管理人;行政官員
659,advocate,(n.8)提倡者;擁護者
660,aggression,(n.10)侵略;侵犯行為
661,alcoholic,(n.9)酒鬼
662,alliance,(n.8)結盟;聯盟
663,alternative,(n.11)選擇的自由(或餘地)
664,ambiguity,(n.9)意義不明確;模稜兩可的話
665,ambulance,(n.9)救護車
666,ambush,(n.6)埋伏;伏擊
667,analects,(n.8)文選;論集
668,analogy,(n.7)相似;類推;類比
669,analyst,(n.7)分析師
670,anchorman,(n.9)男主播
671,anchorwoman,(n.11)女主播
672,anecdote,(n.8)軼事;祕史
673,annoyance,(n.9)惱怒;打擾;討厭的東西(或人)
674,Antarctic,(n.9)南極區
675,antenna,(n.7)觸角;觸鬚;天線
676,antibiotic,(n.10)抗生素;抗菌素
677,antibody,(n.8)抗體
678,anticipation,(n.12)預期
679,antonym,(n.7)反義字
680,apprentice,(n.10)學徒;生手
681,aptitude,(n.8)傾向;習性;天資
682,Arctic,(n.6)北極地帶;北極圈
683,artery,(n.6)動脈;要道
684,artifact,(n.8)人工製品;手工藝品
685,assessment,(n.10)估價;評價
686,assumption,(n.10)假設;擔任
687,asthma,(n.6)氣喘(病);哮喘
688,asylum,(n.6)收容院;避難所;政治庇護
689,attainment,"(n.10)達到;獲得;到達;成就;學識,才能"
690,attendant,(n.9)出席者;陪從;服務員
691,attic,(n.5)頂樓;閣樓
692,auction,(n.7)拍賣
693,autograph,(n.9)(尤指名人的)親筆簽名
694,autonomy,(n.8)自治;自治權;自治團體
695,aviation,(n.8)航空;飛行
696,barometer,(n.9)晴雨表;顯示變化的事物
697,beverage,(n.8)飲料
698,bias,(n.4)偏見;成見;斜線
699,binoculars,(n.10)雙筒望遠鏡
700,biochemistry,(n.12)生物化學
701,blunder,(n.7)大錯
702,bondage,(n.7)奴隸身分;奴役;束縛
703,boost,(n.5)一舉;一抬;推動;促進
704,bout,(n.4)(拳擊等)比賽;較量;(疾病等)發作
705,boycott,(n.7)聯合抵制
706,breakdown,(n.9)故障;損壞;崩潰;分析
707,breakthrough,(n.12)突圍;突破;突破性進展
708,breakup,(n.7)分裂;關係破裂;解體
709,brew,(n.4)釀製飲料
710,brink,(n.5)邊;邊緣
711,brochure,(n.8)小冊子
712,brute,(n.5)畜生;殘暴的人
713,buckle,(n.6)帶釦;搭鉤
714,bureaucracy,(n.11)官僚政治;(總稱)官僚
715,burial,(n.6)埋葬;葬禮;墓地
716,byte,(n.4)(電腦)位元組
717,caffeine,(n.8)咖啡因
718,calcium,(n.7)鈣
719,canvas,(n.6)油畫布
720,capability,(n.10)能力;性能
721,capsule,(n.7)小盒;膠囊;太空艙
722,caption,(n.7)標題;字幕
723,captive,(n.7)俘虜;獵獲物;著迷的人
724,captivity,(n.9)囚禁;束縛
725,carbohydrate,(n.12)碳水化合物;含醣食物
726,caress,(n.6)愛撫;撫摸;寵愛
727,carol,(n.5)(耶誕)頌歌;讚美詩
728,cashier,(n.7)出納員
729,casualty,(n.8)傷亡人員
730,catastrophe,(n.11)大災難;慘敗
731,cavalry,(n.7)騎兵;騎兵部隊
732,cavity,(n.6)洞;(身體的)腔;(牙的)蛀洞
733,cemetery,(n.8)公墓;墓地
734,certainty,(n.9)確實;必然
735,champagne,(n.9)香檳酒;香檳酒色
736,chaos,(n.5)混亂;雜亂的一團
737,charcoal,(n.8)木炭;炭筆;深灰色
738,chariot,(n.7)(古代的)雙輪戰車
739,cholesterol,(n.11)膽固醇
740,chuckle,(n.7)咯咯聲;輕笑聲
741,chunk,(n.5)(肉、木材等的)大塊;厚片
742,clamp,(n.5)螺絲鉗;鐵箍
743,clarity,(n.7)(思想、文體等的)清楚;明晰
744,clearance,(n.9)清掃;出空;清倉大拍賣
745,clench,(n.6)緊握;緊咬
746,clone,(n.5)無性繁殖系;複製品
747,closure,(n.7)關閉;打烊;結束;終止
748,coffin,(n.6)棺材;靈柩
749,coincidence,(n.11)巧合
750,collective,(n.10)集體農場(或企業);集團
751,collector,(n.9)收集者;收藏家
752,collision,(n.9)相撞;衝突;抵觸
753,columnist,(n.9)專欄作家
754,commentary,(n.10)評論;註釋
755,commitment,"(n.10)託付,交託; 承諾, 保證"
756,companionship,(n.13)友誼;交往;伴侶關係
757,compensation,(n.12)補償;賠償;報酬
758,competence,(n.10)能力;勝任;稱職
759,complement,(n.10)補充物;補足物
760,complexion,(n.10)面色;膚色
761,complexity,(n.10)複雜(性);錯綜(性)
762,complication,(n.12)複雜(化);併發症;(新出現的)困難
763,component,(n.9)構成要素;零件;成分
764,conceit,(n.7)自滿;自負
765,conception,(n.10)概念;創始
766,concession,(n.10)讓步;讓予物
767,confrontation,(n.13)對抗
768,congressman,(n.11)美國眾議院議員
769,congresswoman,(n.13)國會女議員;女眾議員
770,conquest,(n.8)征服;克服;佔領
771,consensus,(n.9)一致;合意;輿論
772,conservation,(n.12)保存;(對自然資源的)保護
773,consolation,(n.11)安慰;慰藉
774,conspiracy,(n.10)陰謀;謀叛;共謀
775,constituent,(n.11)成分;組成的要素;選民
776,consultation,(n.12)諮詢;商議
777,consumption,(n.11)消耗;用盡;消耗量
778,contemplation,(n.13)凝視;沈思;冥想
779,contestant,(n.10)參加競賽者;角逐者
780,contractor,(n.10)承包商;立契約者
781,contradiction,(n.13)矛盾;否認;反駁
782,controversy,(n.11)爭論;爭議
783,conviction,(n.10)定罪;證明有罪;確信
784,coordinate,(n.10)同等的人(或物);座標
785,core,(n.4)果核;精髓;要義
786,corps,(n.5)兵團;部隊;團
787,corpse,(n.6)屍體;殘骸
788,correspondent,(n.13)通信者;通訊記者
789,corruption,(n.10)墮落;腐化;貪污;賄賂
790,cosmetics,"(n.9)化妝品,美容品"
791,cosmopolitan,(n.12)世界主義者;四海為家者
792,counterpart,(n.11)對應的人(或物)
793,coverage,(n.8)覆蓋範圍;保險項目;新聞報導
794,cramp,(n.5)抽筋;夾鉗;束縛
795,credibility,(n.11)可信性;確實性
796,criterion,(n.9)(判斷、批評的)標準;尺度
797,crook,(n.5)彎曲的東西;騙子;偷兒
798,cruise,(n.6)巡航;航遊;巡邏
799,cruiser,(n.7)巡洋艦;遊艇;警察巡邏車
800,crumb,(n.5)麵包屑;碎屑;少許
801,crumble,(n.7)酥皮點心(水果派)
802,crust,(n.5)麵包皮;派餅皮;硬外皮
803,daffodil,(n.8)黃水仙花;淡黃色
804,dandruff,(n.8)頭皮屑
805,daybreak,(n.8)黎明;破曉
806,decline,(n.7)下降;減少;衰退;傾斜
807,dedication,(n.10)奉獻;揭幕儀式;獻身
808,defect,(n.6)缺點;缺陷;不足之處
809,deficiency,(n.10)不足;缺陷;缺點
810,delinquent,(n.10)青少年罪犯;違法者
811,density,(n.7)密度
812,deputy,"(n.6)代表,代理人;副職,副手"
813,descendant,(n.10)後裔;從某一來源傳下的東西
814,descent,(n.7)下降;下傾;血統
815,diabetes,(n.8)糖尿病
816,diagnosis,(n.9)診斷;診斷書;調查分析
817,diagram,(n.7)圖表;(曲)線圖
818,diameter,(n.8)直徑
819,dictation,(n.9)口述;聽寫
820,dictator,(n.8)獨裁者
821,dilemma,(n.7)困境;進退兩難
822,dimension,(n.9)(長;寬;厚;高等的)尺寸;大小
823,diplomacy,(n.9)外交;外交手腕
824,directory,(n.9)姓名住址簿;使用手冊
825,disability,(n.10)無能;殘障
826,discharge,(n.9)卸貨;發射;排出;釋放;解雇
827,disclosure,(n.10)透露;揭發的事情
828,discomfort,(n.10)不舒服;不安
829,discrimination,(n.14)歧視;辨別力
830,disgrace,(n.8)恥辱;丟臉的事(或人)
831,dismay,(n.6)驚慌;沮喪
832,dispatch,(n.8)派遣;發送
833,disposable,(n.10)用完即丟棄的物品(如紙尿布)
834,disposal,(n.8)處理;(自由)處置權
835,disregard,(n.9)漠視
836,dissident,(n.9)不贊成者;持不同政見者
837,distraction,(n.11)分心;注意力分散
838,distrust,(n.8)不信任;懷疑
839,disturbance,(n.11)擾亂;打擾
840,diversion,(n.9)轉向;轉移;分散注意力
841,diversity,(n.9)差異;多樣性
842,doctrine,(n.8)教義;信條
843,documentary,(n.11)記錄影片
844,dome,(n.4)圓屋頂;穹窿;半球形物
845,donation,(n.8)捐獻;捐款
846,donor,(n.5)贈送人;捐贈者
847,doom,(n.4)厄運;毀滅
848,dosage,(n.6)(藥的)劑量;服法
849,drawback,(n.8)缺點;不利條件;障礙
850,drizzle,(n.7)毛毛雨
851,drought,(n.7)旱災
852,dynamite,(n.8)炸藥;具有爆炸性的事
853,ebb,(n.3)退潮;衰退
854,eccentric,(n.9)古怪的人
855,ecology,(n.7)生態學;生態
856,ecstasy,(n.7)狂喜;入迷
857,editorial,(n.9)社論
858,electron,(n.8)電子
859,elite,(n.5)精華;精英
860,eloquence,(n.9)雄辯;(流利的)口才
861,emigrant,(n.8)(往他國的)移民;移出者
862,emigration,(n.10)移居;(總稱)移民
863,enactment,"(n.9)(法律的)制定;法規,條例"
864,enclosure,(n.9)封入;圈地;圍牆;附件
865,encyclopedia,(n.12)百科全書
866,endurance,"(n.9)忍耐,耐久力"
867,enhancement,"(n.11)提高,增加"
868,enlightenment,(n.13)啟蒙;教化;開明
869,enrichment,(n.10)致富;豐富;添加肥料;增強食品營養
870,epidemic,(n.8)流行病;(流行病)傳播;流行
871,episode,(n.7)一個事件;一節;一齣;一集
872,equation,(n.8)方程式;等式;相等
873,equivalent,(n.10)相等物;等價物
874,eruption,(n.8)爆發;噴出
875,essence,(n.7)本質;要素;精華;精油
876,eternity,(n.8)永遠;永恆;永世
877,ethnic,(n.6)維護語言或風俗的小組成員
878,evolution,"(n.9)發展,進展"
879,excerpt,(n.7)摘錄;引用
880,execution,(n.9)實行;執行;死刑
881,exotic,(n.6)隨音樂表演豔舞者
882,expedition,(n.10)遠征(隊);探險(隊)
883,expertise,(n.9)專門知識;專門技術
884,expiration,(n.10)失效;期滿;吐氣
885,exploit,"(n.7)功績,功勳;英勇的行為"
886,exploration,(n.11)勘查;探測
887,extract,(n.7)提取物;摘錄
888,eyesight,"(n.8)視力,目力"
889,faction,(n.7)派別;小集團;派系之爭
890,faculty,(n.7)(學校的)全體教員;官能
891,familiarity,(n.11)熟悉;通曉
892,famine,(n.6)饑荒
893,fascination,(n.11)迷戀;陶醉
894,federation,(n.10)聯邦政府;聯邦制度;聯盟
895,feedback,(n.8)反饋的信息
896,fertility,(n.9)肥沃;繁殖力
897,fidelity,(n.8)忠誠;忠貞
898,flare,(n.5)閃耀的火光;閃光信號;照明彈
899,fleet,(n.5)艦隊;機群;車隊
900,flicker,(n.7)閃爍;忽隱忽現
901,fling,(n.5)扔;擲;(手;腳等的)揮動
902,fluid,(n.5)液體
903,flutter,(n.7)振翼;飄動;(心臟等的)撲動
904,fracture,(n.8)折斷;骨折;裂縫
905,fragment,(n.8)碎片;斷片
906,fraud,(n.5)詭計;騙子;假貨
907,freak,(n.5)畸形人(或動植物);反常現象;怪人
908,friction,(n.8)摩擦;不和;爭執
909,galaxy,(n.6)星系
910,generator,(n.9)發電機;產生器
911,genetics,(n.8)遺傳學
912,glamour,"(n.7)魅力,誘惑力;迷人的美;妖豔"
913,glassware,(n.9)玻璃器皿
914,glisten,(n.7)閃耀;閃光
915,graph,(n.5)(曲線)圖;圖表
916,graphic,(n.7)畫像
917,grill,(n.5)烤架;燒烤的肉類食物
918,grocer,(n.6)食品雜貨商
919,grope,(n.5)觸摸;探索
920,guerrilla,(n.9)游擊隊(員)
921,habitat,(n.7)棲地
922,hacker,(n.6)駭客
923,hail,(n.4)歡呼;打招呼;冰雹
924,harassment,(n.10)騷擾
925,hazard,(n.6)危險;危害物
926,hemisphere,(n.10)(地球的)半球;半球體
927,hereafter,(n.9)未來;來世
928,heritage,(n.8)遺產;繼承物;傳統
929,heroin,(n.6)海洛因
930,highlight,(n.9)強光(效果);最精彩的部分
931,hormone,(n.7)荷爾蒙
932,hospitality,(n.11)好客;殷勤招待
933,hostility,(n.9)敵意;敵視;戰爭行動
934,humanitarian,(n.12)人道主義者;慈善家
935,hunch,(n.5)預感;隆肉;肉峰
936,hurdle,(n.6)跳欄;跨欄賽跑;障礙
937,hygiene,(n.7)衛生;衛生學;保健法
938,hypocrisy,(n.9)偽善;虛偽
939,hypocrite,(n.9)偽善者;偽君子
940,illusion,(n.8)錯覺;假象;幻想
941,imperative,(n.10)必要的事;命令;祈使語氣
942,implement,(n.9)工具;器具;裝備
943,implication,(n.11)含意;言外之意;暗示
944,imprisonment,(n.12)監禁;限止
945,incentive,(n.9)鼓勵;動機
946,incline,(n.7)傾斜;斜面;斜坡
947,indignation,(n.11)憤怒;憤慨;義憤
948,inference,"(n.9)推論,推斷"
949,ingenuity,(n.9)心靈手巧;獨創性;足智多謀
950,inhabitant,"(n.10)居民,居住者"
951,initiative,(n.10)倡議;主動權
952,injection,(n.9)注射
953,injustice,(n.9)非正義;不公正
954,innovation,(n.10)革新;創新;新事物
955,inquiry,"(n.7)詢問,打聽;質詢"
956,insight,(n.7)洞察力;洞悉
957,insistence,(n.10)堅持
958,installation,(n.12)設施;安裝
959,installment,(n.11)分期付款;安置
960,institution,(n.11)機構
961,integration,(n.11)整合;積分
962,integrity,(n.9)正直;廉正;健全
963,intellect,(n.9)智力;理解力;有才智的人
964,intersection,(n.12)交叉點;十字路口
965,interval,(n.8)間隔;距離
966,intervention,(n.12)介入;干預;調停
967,intimacy,(n.8)熟悉;親密;親近
968,intruder,(n.8)侵入者;闖入者
969,inventory,(n.9)存貨清單
970,investigator,(n.12)調查者;研究者
971,irony,(n.5)反語;諷刺;出乎意料的結果
972,irritation,(n.10)激怒;惱怒
973,kernel,"(n.6)(果核或果殼內的)仁;核心,要點"
974,lament,(n.6)悲痛之情;哀悼;悼詞
975,lava,(n.4)熔岩;火山岩
976,layman,(n.6)(未受神職的)一般信徒;外行人
977,layout,(n.6)設計;佈局;版面設計
978,legislator,(n.10)立法委員;國會議員
979,legislature,(n.11)立法機關;(美國的)州議會
980,liberation,(n.10)解放;釋出
981,limo,(n.4)limousine
982,limousine,(n.9)大轎車
983,liner,(n.5)班輪;眼線筆
984,linguist,(n.8)語言學者;通曉數種外語的人
985,liquid crystal display,(n.22)液晶顯示 (= LCD)
986,liter,(n.5)公升
987,literacy,(n.8)識字;讀寫能力
988,literate,(n.8)能讀寫的人
989,longevity,(n.9)長壽;壽命
990,lounge,(n.6)(旅館等的)會客廳;候機室;躺椅
991,lunatic,(n.7)瘋子;瘋傻的人
992,lure,(n.4)誘惑物;魅力;誘餌
993,lyric,(n.5)抒情作品;歌詞
994,magnitude,(n.9)巨大;重大;強度
995,malaria,(n.7)瘧疾
996,manuscript,(n.10)手稿;打字稿;原稿
997,massacre,(n.8)大屠殺;慘敗
998,mastery,(n.7)支配;統治;精通;掌握
999,material,"(n.8)材料,原料"
1000,materialism,(n.11)唯物論;唯物主義
1001,mattress,(n.8)床墊
1002,mechanism,(n.9)機械裝置;機械作用;結構
1003,medication,(n.10)藥物治療;藥物
1004,meditation,(n.10)沈思;默想;冥想
1005,melancholy,(n.10)憂鬱;愁思
1006,mentality,(n.9)智力;精神性;心理狀態
1007,merchandise,(n.11)商品;貨物
1008,metaphor,(n.8)隱喻;象徵
1009,metropolitan,(n.12)大城市人
1010,migration,(n.9)遷移;遷徙;移民群
1011,militant,(n.8)好鬥者;激進分子
1012,miller,(n.6)磨坊主;碾磨工
1013,mimic,(n.5)善於模仿的人;滑稽劇演員
1014,miniature,(n.9)縮樣;縮圖;小型物
1015,missionary,(n.10)傳教士;鼓吹者;(外交)使節
1016,modernization,(n.13)現代化;現代化的事物
1017,mold,(n.4)模子;鑄型;模製品;霉
1018,momentum,(n.8)動量;氣勢;動力
1019,monopoly,(n.8)獨佔;專賣;壟斷
1020,monotony,(n.8)單調;千篇一律
1021,morale,(n.6)士氣;鬥志;道德
1022,morality,(n.8)道德;倫理;寓意
1023,motto,(n.5)座右銘;格言
1024,mouthpiece,(n.10)樂器的吹口;電話的送話口;代言人
1025,mute,(n.4)啞巴;弱音器
1026,mythology,(n.9)(總稱)神話
1027,narrative,(n.9)記敘文;故事;敘述
1028,narrator,(n.8)解說員;敘述者
1029,nationalism,(n.11)民族主義;國家主義
1030,naturalist,(n.10)博物學家
1031,navel,(n.5)肚臍;中央;中心
1032,navigation,(n.10)航海;航空;導航
1033,negotiation,"(n.11)談判,協商"
1034,neon,(n.4)氖;霓虹燈
1035,neutral,(n.7)中立者;中立國;空檔
1036,newlywed,(n.8)新結婚的人
1037,newscaster,(n.10)新聞廣播員
1038,nomination,(n.10)提名;任命
1039,nominee,(n.7)被提名人
1040,norm,(n.4)基準;規範;定額
1041,nourishment,"(n.11)食物,營養品;養育,滋養"
1042,nuisance,(n.8)討厭的人(或事物);騷擾行為
1043,nurture,(n.7)營養物;養育;培育
1044,nutrient,"(n.8)營養物,滋養物"
1045,nutrition,"(n.9)營養,滋養"
1046,obligation,(n.10)(道義上或法律上的)義務
1047,offering,(n.8)提供;供奉;捐獻物;供物;課程
1048,offspring,(n.9)子女;子孫;後代
1049,opposition,(n.10)反對;反抗
1050,oppression,(n.10)壓迫;壓制
1051,option,(n.6)選擇;選擇權
1052,ordeal,(n.6)嚴峻考驗;折磨
1053,orderly,"(n.7)勤務員,護理員"
1054,organism,(n.8)生物;有機體
1055,originality,(n.11)創造力;獨創性;創見;創舉
1056,outbreak,(n.8)爆發;暴動
1057,outfit,(n.6)全套(工具、衣物等)
1058,outing,(n.6)遠足;郊遊
1059,outlaw,(n.6)罪犯;亡命之徒
1060,outlet,(n.6)出口;出路;商店
1061,outlook,(n.7)觀點;展望;風光;瞭望
1062,outrage,(n.7)暴行;不法行為;凌辱;義憤
1063,outset,(n.6)最初;開始;開端
1064,overhead,(n.8)經常費用;天花板
1065,overlap,(n.7)重疊
1066,overturn,"(n.8)翻轉,傾覆;周轉,流通"
1067,pact,(n.4)契約;協定
1068,pamphlet,(n.8)小冊子
1069,parliament,"(n.10)議會,國會"
1070,pedestrian,(n.10)步行者;行人
1071,peninsula,(n.9)半島
1072,pension,(n.7)退休金;養老金
1073,perception,(n.10)感知;察覺;認知
1074,perseverance,(n.12)堅持不懈;堅忍不拔
1075,persistence,(n.11)堅持;固執;持續
1076,perspective,(n.11)看法;遠景;前途;透視圖
1077,pesticide,(n.9)殺蟲劑
1078,petroleum,(n.9)石油
1079,pharmacist,(n.10)配藥者;藥劑師
1080,pharmacy,(n.8)製藥業;藥房
1081,phase,(n.5)階段;相
1082,piety,(n.5)虔誠;孝順
1083,pipeline,(n.8)導管;輸油管
1084,pitcher,(n.7)大水罐;一壺的量;投手
1085,plight,(n.6)境況;困境
1086,pneumonia,(n.9)肺炎
1087,poacher,(n.7)煮蛋用的鍋;蒸鍋;偷獵者
1088,pollutant,(n.9)污染物;污染源
1089,posture,(n.7)姿勢;姿態
1090,precedent,(n.9)先例;慣例
1091,precision,(n.9)精確(性);準確(性);清晰(性)
1092,predecessor,(n.11)前任;祖先
1093,prediction,(n.10)預言;預報
1094,preface,(n.7)序言;緒言
1095,prejudice,(n.9)偏見;歧視
1096,preliminary,(n.11)初步;初試;預賽
1097,premier,(n.7)首相;總理
1098,prescription,(n.12)指示;法規;處方
1099,presidency,(n.10)公司總裁(大學校長等)的職位
1100,prestige,(n.8)名望;聲望
1101,preventive,(n.10)預防法;預防措施;預防物
1102,productivity,(n.12)生產力;生產率
1103,proficiency,(n.11)精通;熟練
1104,progressive,(n.11)革新主義者
1105,prohibition,(n.11)禁止;禁令
1106,projection,(n.10)規劃;投影;投射;預測
1107,propaganda,(n.10)宣傳
1108,propeller,(n.9)螺旋槳;推進器
1109,prose,(n.5)散文;平凡
1110,prosecution,(n.11)起訴;告發
1111,provincial,(n.10)地方居民;鄉下人
1112,prowl,(n.5)四處覓食;徘徊
1113,purity,(n.6)純淨;清潔;純潔
1114,qualification,"(n.13)資格,能力"
1115,query,(n.5)質問;詢問
1116,questionnaire,(n.13)問卷;意見調查表
1117,racism,(n.6)種族主義;種族歧視
1118,radiant,"(n.7)發光(或發熱)的物體,光點"
1119,radiation,(n.9)放射線
1120,radiator,(n.8)散熱器
1121,radical,(n.7)根部;基礎;基本原理
1122,raft,(n.4)筏子;橡皮艇
1123,raid,(n.4)突然襲擊;劫掠
1124,ransom,(n.6)贖金
1125,rash,(n.4)疹子
1126,ravage,"(n.6)毀滅;蹂躪;劫掠;災害,災難"
1127,realism,(n.7)現實性;現實主義
1128,realization,(n.11)領悟;體現
1129,rebellion,(n.9)反叛;反抗
1130,recession,(n.9)衰退
1131,recipient,(n.9)接受者
1132,recommendation,(n.14)推薦;推薦信
1133,recruit,(n.7)新兵;新手;補給品
1134,refinement,"(n.10)優雅,高雅;提煉,精煉"
1135,refreshment,(n.11)茶點;精力恢復
1136,refund,(n.6)償還;退款
1137,regime,(n.6)政體;政權
1138,rehearsal,"(n.9)排練,試演;練習"
1139,rein,(n.4)韁繩;駕馭;控制
1140,relay,(n.5)轉達;轉播;接力賽跑
1141,reliance,(n.8)信任;依賴
1142,relish,(n.6)滋味;愛好;開胃食品
1143,remainder,(n.9)剩餘物;其餘的人;餘數
1144,removal,(n.7)除去;免職
1145,renaissance,(n.11)文藝復興
1146,rental,(n.6)租金;租賃;出租
1147,resemblance,(n.11)相似
1148,reservoir,(n.9)蓄水庫;貯水池
1149,restoration,(n.11)恢復;復辟;修復;重建;歸還
1150,restraint,(n.9)克制;控制;管押
1151,retail,(n.6)零售
1152,revelation,(n.10)揭示;顯示;天啟
1153,revenue,(n.7)(國家的)歲入;稅收
1154,revival,(n.7)甦醒;再生;復興
1155,rhetoric,(n.8)修辭;修辭學;辭令
1156,ridicule,(n.8)嘲笑;揶揄;奚落
1157,riot,(n.4)暴亂;騷亂;狂歡
1158,rite,(n.4)儀式;慣例
1159,ritual,(n.6)儀式;典禮;老規矩
1160,rivalry,(n.7)(競爭或對抗)行為
1161,rotation,(n.8)旋轉;自轉;輪流
1162,royalty,(n.7)(總稱)皇族或王族;王位;專利權稅
1163,ruby,(n.4)紅寶石;暗紅色
1164,safeguard,(n.9)保護;防衛;預防措施
1165,saloon,(n.6)(旅館;輪船等的)大廳;酒館
1166,salvation,(n.9)拯救;救星;救世
1167,sanction,(n.8)國際制裁
1168,sanctuary,(n.9)聖所;聖殿;庇護所
1169,sanitation,(n.10)公共衛生;衛生設備
1170,scope,(n.5)範圍;領域
1171,script,(n.6)筆跡;(戲劇、廣播等的)腳本
1172,sector,(n.6)扇形;扇形面部分;部門
1173,seminar,(n.7)專題討論(課或會議)
1174,senator,(n.7)參議員
1175,sequence,(n.8)連續;一連串;次序
1176,serenity,(n.8)晴朗;平靜;沈著
1177,serving,(n.7)服務;侍候;(食物、飲料等)一份
1178,session,(n.7)開庭;會期;講習會
1179,setback,(n.7)挫折;倒退
1180,sewer,(n.5)污水管;下水道
1181,shed,(n.4)分水嶺;小屋;堆房
1182,shilling,(n.8)先令
1183,siege,(n.5)圍攻;包圍;圍城
1184,signature,"(n.9)簽名,簽署"
1185,silicon,(n.7)矽
1186,simplicity,(n.10)簡單;單純
1187,skim,(n.4)掠過
1188,slang,(n.5)slang
1189,slash,(n.5)猛砍;亂砍;大幅度削減
1190,slavery,(n.7)奴隸身分;奴役
1191,slot,(n.4)狹長孔;投幣口;位置;吃角子老虎
1192,slum,(n.4)貧民窟;陋巷
1193,smack,(n.5)滋味;少許;掌摑;咂嘴(聲);響吻
1194,smallpox,(n.8)天花
1195,smother,(n.7)窒息狀態
1196,snare,(n.5)(捕捉鳥、獸的)陷阱;圈套
1197,sneer,(n.5)冷笑;嘲笑
1198,socialism,(n.9)社會主義
1199,socialist,(n.9)社會主義者
1200,sociology,(n.9)社會學
1201,sodium,(n.6)鈉
1202,solidarity,(n.10)團結一致
1203,solitude,(n.8)孤獨;隱居
1204,sovereignty,(n.11)統治權;主權;主權國家
1205,span,(n.4)礅距;跨度;一段時間
1206,specialty,(n.9)專業;專長
1207,spectacular,(n.11)奇觀;壯觀
1208,spectrum,(n.8)光譜;頻譜
1209,sphere,(n.6)球;球體;球形
1210,spike,(n.5)牆頭釘;尖鐵;釘鞋;細高跟
1211,spiral,(n.6)螺旋(形);盤旋
1212,spire,(n.5)尖塔;尖頂
1213,spokesman,"(n.9)發言人,代言人"
1214,spokesperson,(n.12)發言人
1215,spokeswoman,(n.11)女發言人
1216,sponsor,(n.7)發起者;主辦者
1217,spouse,(n.6)配偶
1218,sprawl,(n.6)伸開四肢的躺臥姿勢;蔓生
1219,squad,(n.5)班;小隊;小組
1220,squash,(n.6)擠壓;壓碎的東西;南瓜
1221,stability,(n.9)穩定;穩定性;安定
1222,stalk,(n.5)悄悄的追蹤;莖;柄
1223,stammer,(n.7)口吃;結巴
1224,staple,(n.6)U形釘;釘書針;日常必需品
1225,stapler,(n.7)釘書機
1226,starch,(n.6)澱粉
1227,starvation,(n.10)飢餓;挨餓
1228,stationery,(n.10)文具
1229,stature,(n.7)身高;高度
1230,steamer,(n.7)汽船;蒸鍋;蒸籠
1231,stimulation,(n.11)刺激;興奮;激勵
1232,stimulus,(n.8)刺激;刺激品;興奮劑
1233,stock,(n.5)(公司的)股票;存貨
1234,stunt,(n.5)絕技;噱頭;矮小的人(或樹)
1235,subordinate,(n.11)部下;下級職員
1236,subscription,(n.12)訂閱費;會費;捐款;署名
1237,substitution,(n.12)代替;代替物
1238,succession,(n.10)連續;一連串;繼承權
1239,successor,(n.9)繼任者;繼承人
1240,suite,(n.5)套房;系列
1241,superiority,(n.11)優越;優勢;上級
1242,supervision,(n.11)管理;監督
1243,supplement,(n.10)增補;(書籍的)補遺;附錄
1244,surplus,(n.7)過剩;剩餘物;盈餘
1245,suspense,(n.8)掛慮;懸疑;暫時停止
1246,suspension,(n.10)暫停;中止;停職
1247,swap,(n.4)交換;交換的東西
1248,symmetry,(n.8)對稱(性)
1249,symptom,"(n.7)症狀,徵候"
1250,synonym,(n.7)同義字;同物異名
1251,synthetic,(n.9)合成物;合成纖維
1252,tact,(n.4)老練;機智;得體
1253,tactic,(n.6)戰術;策略;手法
1254,tariff,(n.6)關稅;稅率
1255,temperament,(n.11)氣質;性情
1256,tempest,(n.7)暴風雨;暴風雪;騷動
1257,textile,(n.7)紡織品;紡織原料
1258,texture,(n.7)(織物的)結構;質地;紋理;肌理
1259,theft,"(n.5)偷竊,盜竊"
1260,therapist,(n.9)治療技師或專家
1261,therapy,"(n.7)治療,療法"
1262,thermometer,(n.11)溫度計;寒暑錶
1263,threshold,(n.9)門檻;開端;起點
1264,thrift,(n.6)節儉;繁茂;互助儲蓄銀行
1265,throb,(n.5)跳動;悸動;抽動;抽痛
1266,toll,(n.4)通行費;長途電話費;傷亡人數;鐘聲
1267,tornado,(n.7)龍捲風
1268,trait,(n.5)特徵;特點;特性;少許
1269,tranquilizer,(n.12)鎮定劑;精神安定劑
1270,transaction,(n.11)辦理;處置;執行;交易
1271,transcript,(n.10)抄本;謄本;成績報告單
1272,transformation,(n.14)變化;轉變;變形;變質
1273,transistor,(n.10)電晶體
1274,transit,(n.7)運輸;通過;公共交通系統;轉變
1275,transition,(n.10)過渡;過渡時期;轉變
1276,transmission,(n.12)傳送;傳染;傳播;變速器;播送
1277,transplant,(n.10)移植
1278,trauma,(n.6)外傷;傷口;(感情方面的)創傷
1279,tread,(n.5)踩;踏;樓梯踏板;輪胎面;鞋底
1280,treason,(n.7)叛國罪;謀反罪;叛國;背叛
1281,trek,(n.4)(長途而辛苦的)旅行或移居
1282,tremor,(n.6)震顫;顫抖
1283,trespass,(n.8)擅自進入;非法侵入
1284,trigger,(n.7)(槍砲的)扳機;觸發器
1285,trophy,(n.6)戰利品;獎品
1286,tropic,(n.6)回歸線;熱帶
1287,truant,(n.6)逃學者;玩忽職守者
1288,truce,(n.5)停戰;休戰協定
1289,tuberculosis,(n.12)結核病
1290,tumor,(n.5)腫瘤;腫塊
1291,turmoil,(n.7)騷動;混亂
1292,twilight,(n.8)微明;薄暮;暮年;朦朧狀態
1293,tyranny,(n.7)暴政;專制;暴虐
1294,ulcer,(n.5)潰瘍
1295,ultimate,(n.8)最終的事物;終極
1296,underestimate,(n.13)低估;估計不足
1297,unemployment,(n.12)失業;失業狀態
1298,upbringing,(n.10)養育;教養
1299,upgrade,(n.7)上坡;升級
1300,uranium,(n.7)鈾
1301,urgency,(n.7)緊急;迫切;急事
1302,urine,(n.5)尿
1303,usher,(n.5)(劇場等的)引座員;接待員
1304,utensil,(n.7)器皿;用具
1305,utility,(n.7)效用;實用;公用事業
1306,utmost,(n.6)極限;極度;最大可能
1307,vaccine,(n.7)疫苗
1308,validity,(n.8)確實;有效性
1309,vanilla,(n.7)香草精
1310,variable,(n.8)可變物;可變因素
1311,variation,(n.9)變化;變異
1312,vendor,(n.6)小販
1313,verge,(n.5)邊沿;邊緣
1314,version,(n.7)譯文;版本
1315,vet,(n.3)獸醫; 老兵
1316,veteran,(n.7)富有經驗的人;退役軍人
1317,veterinarian,(n.12)獸醫
1318,vibration,(n.9)顫動;振動;震動
1319,vice,(n.4)惡;罪行;惡習
1320,victor,(n.6)勝利者
1321,villa,(n.5)別墅;(城郊)住宅
1322,vineyard,(n.8)葡萄園
1323,vitality,(n.8)活力;生命力
1324,vocal,(n.5)母音;濁音;聲樂作品
1325,vocation,(n.8)行業;天職
1326,vogue,(n.5)風行;時髦事物(人物)
1327,vomit,(n.5)嘔吐;嘔吐物
1328,wardrobe,(n.8)衣櫃;(個人的)全部服裝
1329,warfare,(n.7)戰爭;衝突;鬥爭
1330,warranty,(n.8)保證書;保單
1331,windshield,(n.10)(汽車等的)擋風玻璃
1332,wrench,(n.6)猛扭;扳手;痛苦
1333,wrestle,(n.7)摔角;角力;搏鬥
1334,Xerox,(n.5)複印件
1335,zeal,(n.4)熱心;熱誠
